avg_trust,sd_trust,avg_concern,sd_concern
3.0089999999999995,1.2193507958224141,2.9880000000000004,1.229698512516923
